x,y,vx,vy,speed,angle,quality
0.8,0.8,2.8298194506080656,0.28308306242959136,2.8439434142180553,5.712620198204166,0.9916551719987119
1.6,0.8,2.89417407805327,0.25383475087921564,2.905284095373361,5.012324617981214,0.9827707475713863
2.4000000000000004,0.8,2.9579598060259666,0.23740430010031024,2.9674714852499076,4.588693215392406,0.9782624804828945
3.2,0.8,2.925530245161179,0.2523319393848853,2.936392109883584,4.929657706404568,0.9753632006169933
4.0,0.8,2.9578928021187525,0.1946994550615568,2.9642937955990787,3.76598756047215,0.9620239981587889
0.8,1.6,2.8573999910685806,0.36658785515660014,2.880819564725816,7.310780570254545,0.9994365791475481
1.6,1.6,2.9640742912595317,0.39419946233557296,2.990172172335792,7.57545173896278,0.9952304441817981
2.4000000000000004,1.6,3.0973019257237797,0.29078787058639116,3.1109221791572357,5.363449931541924,0.9802564211507582
3.2,1.6,3.057832136270798,0.1770535607169054,3.062953694879008,3.313820817428415,0.9873883985378712
4.0,1.6,3.0961633548629033,0.23318015563307543,3.104931642561068,4.306964187520136,0.9915431702433809
0.8,2.4000000000000004,2.8723812552320127,0.22862690769083052,2.8814656580165074,4.550857777628466,0.9917938613982984
1.6,2.4000000000000004,2.808696060265211,0.26382381687043854,2.821059475675301,5.3661088388017175,0.9797443232938472
2.4000000000000004,2.4000000000000004,2.980877483318141,0.35729446830664874,3.0022141675163057,6.834988779202418,0.9784895348963062
3.2,2.4000000000000004,3.0027519454818807,0.3762444208210549,3.0262318335339398,7.141932539424497,0.987954486820147
4.0,2.4000000000000004,2.943806335947685,0.2535869897898557,2.954708463614713,4.923450440866942,0.984254189805401
0.8,3.2,2.9517205687494616,0.263042136381626,2.963417871561629,5.0924527421026875,0.9592791211551684
1.6,3.2,2.859281294375373,0.29031475863357936,2.8739819379121685,5.797611118574353,0.9511052367296661
2.4000000000000004,3.2,2.9531219919451113,0.3019045346577109,2.968514080707173,5.837201527102168,0.9537572463913797
3.2,3.2,3.0233970764679556,0.30500097305116997,3.038742416783157,5.760522532158712,0.9556321950489943
4.0,3.2,3.1164117987565985,0.24606279779091675,3.1261109065236363,4.514541846972426,0.9446392078882753
0.8,4.0,2.7325166008912376,0.021339084847686325,2.732599921446303,0.4474317362110106,0.9396967579918829
1.6,4.0,2.731194758639813,0.09288054872656629,2.732773610446598,1.9477239226267282,0.9292300951619837
2.4000000000000004,4.0,2.656683323318644,0.13902944224854313,2.6603186775669068,2.99566768873735,0.8908722925502874
3.2,4.0,2.875572424934502,0.03751523715082128,2.8758171298019235,0.7474486824475558,0.9101713262415986
4.0,4.0,2.928862042483875,-0.060981525942085064,2.9294968186378085,-1.1927770080848592,0.8481797630144282
