track,frame,y,x,intensity
0,0,81.8187,129.5243,666.993
0,1,81.8825,130.0520,631.693
0,2,83.5904,130.3663,620.362
0,3,83.7182,131.1988,669.698
0,4,83.2242,130.6362,636.626
0,5,83.8446,131.9544,648.555
0,6,84.6327,130.1009,618.261
0,7,84.3293,130.1909,624.41
0,8,82.9648,128.5422,666.444
0,9,84.8337,129.1359,626.859
0,10,84.8028,129.0981,701.657
0,11,84.3101,128.9192,629.561
0,12,85.4070,129.9826,672.244
0,13,85.8388,131.0691,657.286
0,14,86.1890,130.0011,641.175
0,15,86.7895,130.9363,674.656
0,16,86.7570,130.8279,604.19
0,17,86.5612,130.2030,637.012
0,18,88.0193,129.6292,661.298
0,19,88.9928,127.5536,631.642
0,20,88.8294,126.5139,651.008
0,21,90.5838,125.2923,666.831
0,22,88.8505,126.3663,632.991
0,23,89.6287,127.8776,615.234
0,24,90.0713,128.0060,678.782
0,25,89.0925,126.2955,650.586
0,26,89.3968,126.2604,631.33
0,27,88.8138,125.6740,682.843
0,28,88.0695,124.0901,621.803
0,29,86.9343,124.8399,655.268
0,30,86.3859,123.8612,628.165
0,31,86.1223,124.4359,695.143
0,32,84.8133,125.4113,641.316
0,33,84.3072,128.0434,680.363
0,34,84.5695,128.3731,638.03
0,35,84.4319,128.3209,616.293
0,36,84.2645,128.2927,653.57
0,37,84.0114,127.7448,663.567
0,38,85.1005,126.0323,608.957
0,39,86.6159,126.7979,667.481
1,0,147.7315,8.6587,645.953
1,1,146.4445,6.7511,654.011
1,2,147.5172,5.3691,649.651
1,3,148.4783,5.7934,652.192
1,4,149.2608,5.4427,675.811
1,5,149.8061,6.3679,632.061
1,6,149.9566,7.7184,635.568
1,7,152.1757,7.4085,682.955
1,8,152.1496,6.0555,645.051
1,9,152.1929,5.9949,631.704
1,10,150.5825,4.8537,648.577
1,11,150.8104,6.3063,660.656
1,12,152.2808,7.5903,644.752
1,13,151.4236,7.5971,658.3
1,14,150.3035,9.4280,619.682
1,15,151.6221,10.5769,661.886
1,16,153.2556,9.8630,675.705
1,17,154.4302,8.6639,640.07
1,18,153.9464,9.1600,633.388
1,19,154.7559,7.5840,604.031
1,20,154.2610,5.5431,654.576
1,21,153.4624,6.4068,680.636
1,22,153.0710,6.7401,667.327
1,23,152.4814,5.8906,650.2
1,24,152.5952,4.8705,642.043
1,25,151.3966,3.6232,645.415
1,26,148.8472,2.9464,626.441
1,27,148.9358,3.3554,627.419
1,28,146.6777,2.0341,536.162
1,29,146.6125,2.1408,547.228
1,30,147.7649,1.4759,462.873
1,31,146.6488,1.3377,470.055
1,32,146.6529,1.8560,527.825
1,33,146.2969,0.7283,421.711
1,34,145.2810,1.6527,525.891
1,35,146.8823,1.8797,534.293
1,36,147.4517,1.4103,477.08
1,37,147.5691,0.9973,450.925
1,38,149.0877,2.6795,620.445
1,39,148.8219,2.4068,582.364
2,0,148.0620,66.2502,638.371
2,1,148.2963,65.7698,620.702
2,2,148.5096,65.4599,639.104
2,3,149.4293,64.8096,613.139
2,4,149.4810,63.1752,662.555
2,5,149.4362,64.0806,650.954
2,6,148.7509,65.1263,670.491
2,7,149.3830,65.3530,680.52
2,8,148.5306,67.0561,677.037
2,9,147.7331,67.8407,651.627
2,10,147.1107,67.7342,677.535
2,11,148.3172,68.1384,667.979
2,12,150.4458,67.6039,632.7
2,13,149.9086,68.4757,667.145
2,14,150.6242,67.3937,656.335
2,15,149.4397,66.8032,652.881
2,16,150.1947,66.9677,621.601
2,17,150.4978,67.3738,624.297
2,18,149.9870,67.5262,626.861
2,19,149.3086,67.7154,658.381
2,20,148.1187,67.4693,648.454
2,21,148.2857,66.6663,648.075
2,22,148.9936,68.0312,665.613
2,23,148.1350,68.0013,624.021
2,24,146.6866,67.4238,663.437
2,25,147.0627,68.1128,585.325
2,26,146.9004,69.3250,672.341
2,27,147.6178,69.7582,594.121
2,28,146.9506,71.1528,600.715
2,29,147.5153,70.6203,618.673
2,30,148.1181,70.8819,624.013
2,31,148.2819,70.2003,673.483
2,32,146.4596,70.2258,658.365
2,33,145.9414,69.3729,678.289
2,34,146.8969,68.2191,629.415
2,35,146.3431,69.5522,650.547
2,36,145.7358,70.0814,597.454
2,37,145.1043,69.8273,584.978
2,38,143.8178,71.3997,638.599
2,39,143.4489,70.9403,682.415
3,0,51.5665,118.2974,635.68
3,1,52.2997,120.0521,637.51
3,2,50.4844,119.6341,629.494
3,3,50.5375,118.8381,607.085
3,4,51.8250,118.3801,642.151
3,5,51.8720,118.2355,644.035
3,6,50.7139,119.4911,598.791
3,7,51.3402,118.5709,621.709
3,8,51.2912,120.1884,603.156
3,9,51.5011,120.7333,656.907
3,10,50.7854,119.7366,667.56
3,11,50.1662,119.5901,641.011
3,12,51.3740,120.4043,630.791
3,13,53.4776,119.9458,660.132
3,14,53.8708,117.9725,599.936
3,15,54.8456,116.3079,652.022
3,16,54.3598,115.3101,678.132
3,17,55.1572,115.3180,661.06
3,18,54.6376,115.6067,636.534
3,19,55.9281,116.1920,674.685
3,20,54.8132,116.0831,647.808
3,21,55.9455,115.5523,657.2
3,22,57.2677,116.1538,634.905
3,23,57.4281,115.1487,630.775
3,24,58.3581,115.1113,632.03
3,25,59.9172,114.9822,633.439
3,26,60.2986,115.2017,646.889
3,27,59.0417,114.6109,656.755
3,28,59.1373,114.7658,609.361
3,29,57.6798,117.0855,687.294
3,30,56.0401,116.8999,628.103
3,31,56.7520,116.6361,661.961
3,32,57.4903,118.3703,642.579
3,33,58.2723,117.8981,614.559
3,34,57.7268,116.1823,661.779
3,35,57.3161,116.9214,658.547
3,36,57.8142,116.5878,662.652
3,37,58.0095,116.0006,615.252
3,38,57.3389,114.8281,679.771
3,39,56.1488,113.4517,648.957
4,0,68.3829,85.6611,633.579
4,1,67.8767,84.0410,634.634
4,2,67.7585,83.3254,675.922
4,3,68.2616,83.0965,649.346
4,4,69.5208,84.3378,641.615
4,5,69.1812,85.4309,676.575
4,6,70.1583,85.4776,653.224
4,7,71.0918,85.6829,623.984
4,8,70.1683,85.5936,584.721
4,9,68.6017,86.0157,643.706
4,10,68.0427,84.4596,693.361
4,11,68.5623,83.8578,637.006
4,12,66.7531,83.0918,647.237
4,13,67.2024,81.4185,661.501
4,14,67.6669,81.3014,616.097
4,15,66.5962,80.9598,651.38
4,16,66.2148,81.2424,651.582
4,17,65.5959,80.1143,678.118
4,18,64.0529,81.2311,629.873
4,19,65.7933,82.5686,627.274
4,20,65.0713,82.4322,638.881
4,21,64.4964,84.8718,668.584
4,22,64.5198,84.3802,615.049
4,23,66.5645,84.8075,655.024
4,24,65.6163,85.5828,650.013
4,25,65.6873,87.1396,642.16
4,26,66.2947,85.6589,656.445
4,27,65.6116,85.7080,670.342
4,28,62.8801,84.9015,634.598
4,29,61.6299,83.7533,643.914
4,30,62.1304,84.6164,662.184
4,31,60.4707,84.8642,639.742
4,32,60.6157,84.2582,664.392
4,33,58.4397,82.4661,627.992
4,34,57.6372,81.2305,660.925
4,35,56.7972,81.7263,682.333
4,36,57.0121,83.0479,627.997
4,37,57.7789,84.0259,650.714
4,38,58.0012,82.1614,612.652
4,39,58.1194,82.3707,670.627
5,0,26.3082,87.4846,630.497
5,1,25.4604,87.6435,660.341
5,2,24.6616,88.1277,678.472
5,3,23.8574,87.4343,702.695
5,4,23.3773,87.9895,612.395
5,5,24.1983,88.5008,636.25
5,6,24.8838,87.4961,615.222
5,7,23.6889,86.5472,633.609
5,8,23.7035,88.1696,648.864
5,9,24.3224,86.7548,681.369
5,10,25.5319,85.4612,616.309
5,11,25.0995,85.7285,660.839
5,12,25.1161,86.3193,660.004
5,13,26.1180,86.0483,665.05
5,14,26.2360,85.3220,635.982
5,15,25.6471,86.3304,634.355
5,16,26.9885,84.0899,637.786
5,17,26.3630,83.2334,613.39
5,18,26.1099,83.4112,630.915
5,19,25.7604,83.8137,582.376
5,20,24.5268,82.4927,641.172
5,21,25.8647,81.0343,592.152
5,22,27.4143,81.5884,654.641
5,23,27.5980,79.6384,623.094
5,24,28.5697,79.7930,659.807
5,25,29.2783,79.1361,662.244
5,26,29.8967,78.1411,697.083
5,27,28.9618,76.3334,619.512
5,28,30.6104,76.8708,683.175
5,29,30.6924,76.8473,656.16
5,30,32.0582,78.7468,664.495
5,31,30.8003,79.2905,646.443
5,32,30.3942,79.7550,637.269
5,33,29.0529,79.1815,630.442
5,34,27.6162,80.5547,607.261
5,35,28.3510,78.9845,650.597
5,36,29.5473,77.9390,671.494
5,37,30.7433,79.6226,641.019
5,38,30.5166,80.7269,658.265
5,39,30.5682,81.6361,665.803
