frequency_1/nm,correlation,threshold,ring_pixels
0.00020833333,1,0.14285714,1
0.000625,0.99826339,0.14285714,8
0.0010416667,0.99718087,0.14285714,16
0.0014583333,0.99810242,0.14285714,20
0.001875,0.99839226,0.14285714,24
0.0022916667,0.99823882,0.14285714,40
0.0027083333,0.99693694,0.14285714,36
0.003125,0.99632563,0.14285714,48
0.0035416667,0.99118905,0.14285714,56
0.0039583333,0.98956223,0.14285714,56
0.004375,0.9877135,0.14285714,68
0.0047916667,0.9801132,0.14285714,64
0.0052083333,0.97084567,0.14285714,80
0.005625,0.95084807,0.14285714,92
0.0060416667,0.93567339,0.14285714,88
0.0064583333,0.87326503,0.14285714,96
0.006875,0.74849703,0.14285714,96
0.0072916667,0.76139787,0.14285714,116
0.0077083333,0.55845186,0.14285714,120
0.008125,0.56786802,0.14285714,120
0.0085416667,0.54038754,0.14285714,124
0.0089583333,0.14310123,0.14285714,144
0.009375,0.17332645,0.14285714,136
0.0097916667,0.046221723,0.14285714,140
0.010208333,0.031377318,0.14285714,152
0.010625,0.027405609,0.14285714,168
0.011041667,0.0080769367,0.14285714,176
0.011458333,0.20656775,0.14285714,164
0.011875,0.1596589,0.14285714,168
0.012291667,0.044571963,0.14285714,192
0.012708333,0.064352301,0.14285714,188
0.013125,0.12005688,0.14285714,208
0.013541667,0.15539795,0.14285714,200
0.013958333,0.042114472,0.14285714,208
0.014375,0.021098321,0.14285714,228
0.014791667,0.047563662,0.14285714,208
0.015208333,0.19629455,0.14285714,232
0.015625,0.079600971,0.14285714,228
0.016041667,0.018782391,0.14285714,256
0.016458333,-0.12788791,0.14285714,248
0.016875,0.0047316306,0.14285714,236
0.017291667,0.08018121,0.14285714,272
0.017708333,0.068235084,0.14285714,264
0.018125,0.061019033,0.14285714,288
0.018541667,-0.039619607,0.14285714,276
0.018958333,0.092804009,0.14285714,272
0.019375,0.054546016,0.14285714,296
0.019791667,-0.041416586,0.14285714,292
